datetime,open,high,low,close,volume
2020-01-02,93.75,94.9005,93.2075,94.9005,80580000.0
2020-01-03,93.225,94.31,93.225,93.7485,75288000.0
2020-01-06,93.0,95.1845,93.0,95.144,81236000.0
2020-01-07,95.225,95.6945,94.602,95.343,80898000.0
2020-01-08,94.902,95.55,94.322,94.5985,70160000.0
2020-01-09,95.4945,95.891,94.79,95.052498,63346000.0
2020-01-10,95.2685,95.347,94.0,94.158,57074000.0
2020-01-13,94.5655,94.9,94.040001,94.565,55616000.0
2020-01-14,94.294,94.3555,92.9275,93.472,68818000.0
2020-01-15,93.6125,93.943,92.7545,93.101,57932000.0
2020-01-16,94.1495,94.2795,93.301,93.897,53190000.0
2020-01-17,94.2945,94.332,92.8625,93.236,79946000.0
2020-01-21,93.25,94.7135,93.0,94.6,74156000.0
2020-01-22,94.8045,95.125,94.167,94.373,64326000.0
2020-01-23,94.2555,94.499,93.638,94.229,49692000.0
2020-01-24,94.5685,94.7495,92.372,93.082001,75324000.0
2020-01-27,91.0,92.050003,90.767,91.417,70570000.0
2020-01-28,92.025002,92.9055,91.501,92.6625,56160000.0
2020-01-29,93.2,93.7375,92.751,92.9,41760000.0
2020-01-30,92.9,93.6435,92.5305,93.534,126548000.0
2020-01-31,102.5735,102.786,100.1135,100.436,311346000.0
2020-02-03,100.53,102.425,100.012497,100.21,117834000.0
2020-02-04,101.494,102.99,100.7685,102.4835,105786000.0
2020-02-05,103.551,103.551,101.6,101.9935,87524000.0
2020-02-06,102.051003,102.815,101.24,102.5115,63660000.0
2020-02-07,102.099503,104.9265,101.905,103.964,101906000.0
2020-02-10,104.2505,106.78,104.248,106.6955,101124000.0
2020-02-11,107.545,109.2975,106.8,107.54,114920000.0
2020-02-12,108.16,109.012497,107.7645,108.0,66686000.0
2020-02-13,107.2495,108.514,107.099998,107.4935,60636000.0
2020-02-14,107.784,107.952,106.2945,106.7435,52124000.0
2020-02-18,106.251,108.3035,106.2055,107.7835,58912000.0
2020-02-19,108.39,109.255,108.056,108.511,51224000.0
2020-02-20,108.6535,108.8395,106.3725,107.655,62626000.0
2020-02-21,107.1075,107.2275,104.4,104.7985,92926000.0
2020-02-24,100.159,101.965,99.3985,100.4645,130940000.0
2020-02-25,101.321,101.73,97.921,98.637,124382000.0
2020-02-26,98.514,100.7335,98.022499,98.9795,104492000.0
2020-02-27,96.719,98.75,94.138,94.215,162880000.0
2020-02-28,90.7315,94.488,90.5565,94.1875,189620000.0
2020-03-02,95.3245,97.7255,93.5,97.6975,135234000.0
2020-03-03,98.7685,99.8165,94.4045,95.4495,150690000.0
2020-03-04,97.3285,98.9,96.099998,98.7915,95458000.0
2020-03-05,96.65,98.036003,95.5,96.2015,94964000.0
2020-03-06,93.75,95.5435,93.475,95.054497,105472000.0
2020-03-09,88.693,93.1385,88.064499,90.030502,156264000.0
2020-03-10,93.544,94.7135,90.9085,94.591,142666000.0
2020-03-11,92.8925,93.566,90.074997,91.042999,112496000.0
2020-03-12,86.098999,88.25,83.75,83.8305,226924000.0
2020-03-13,87.75,89.3155,84.030998,89.25,176194000.0
2020-03-16,82.0755,87.9725,81.3015,84.4575,178346000.0
2020-03-17,88.7735,92.889,84.462,90.392,218342000.0
2020-03-18,87.5,92.083,87.25,91.5,192904000.0
2020-03-19,93.0,97.25,91.6325,94.046501,207998000.0
2020-03-20,96.3155,97.85,91.036499,92.3045,196358000.0
2020-03-23,91.3875,95.97,90.6,95.1415,156170000.0
2020-03-24,97.575,97.75,95.016998,97.0049973,142942000.0
2020-03-25,96.0345,97.513,94.289,94.292,129582000.0
2020-03-26,95.099998,97.8245,94.4645,97.7745,124426000.0
2020-03-27,96.543,96.9895,94.996,95.0049973,107758000.0
2020-03-30,96.1415,98.6815,95.617,98.1975,122522000.0
2020-03-31,98.2175,99.651,97.2005,97.486,102472000.0
2020-04-01,96.6485,97.248,94.65,95.385,82438000.0
2020-04-02,95.082001,96.3765,94.5,95.9415,86720000.0
2020-04-03,95.5575,96.3165,94.4575,95.3295,72198000.0
2020-04-06,96.8,99.926,96.501,99.8795,115464000.0
2020-04-07,100.8555,101.786,99.881,100.58,102280000.0
2020-04-08,101.050003,102.2,100.5575,102.15,79546000.0
2020-04-09,102.215,102.65,100.883,102.138,92930000.0
2020-04-13,102.0,109.0,101.9,108.4435,134334000.0
2020-04-14,110.023499,114.6,109.3105,114.166,161744000.0
2020-04-15,112.884,116.6685,112.25,115.384,137332000.0
2020-04-16,117.3,123.050003,116.75,120.4095,240764000.0
2020-04-17,118.6165,120.0,115.801,118.75,158600000.0
2020-04-20,119.4975,122.249,119.3025,119.6805,115414000.0
2020-04-21,120.8305,121.4155,113.983,116.406,149534000.0
2020-04-22,118.45,119.7,117.55,118.1745,84244000.0
2020-04-23,119.999,121.211,119.104,119.9725,101332000.0
2020-04-24,120.85,121.0215,119.099998,120.511,76498000.0
2020-04-27,122.16,122.244,118.15,118.8,112912000.0
2020-04-28,118.605,118.675,115.3,115.704,105388000.0
2020-04-29,116.5005,119.5945,115.5,118.6355,91832000.0
2020-04-30,120.992,123.75,119.8005,123.7,190692000.0
2020-05-01,116.84,118.122,112.9095,114.302,195452000.0
2020-05-04,112.819,116.349,112.819,115.7995,97318000.0
2020-05-05,117.0,117.55,115.3565,115.89,64850000.0
2020-05-06,116.472,117.8725,116.0,117.563,62356000.0
2020-05-07,118.739,118.8,117.1555,118.3805,67928000.0
2020-05-08,118.607,119.362,117.85,118.9805,64132000.0
2020-05-11,118.735,120.9835,118.6055,120.45,65184000.0
2020-05-12,120.5925,120.95,117.75,117.8475,61498000.0
2020-05-13,118.34,120.385,116.89,118.396,95658000.0
2020-05-14,118.050499,119.5685,117.6605,119.4425,72962000.0
2020-05-15,118.426,120.55,117.8185,120.489,84700000.0
2020-05-18,120.2175,121.65,119.2005,121.313,87144000.0
2020-05-19,121.4915,124.25,121.4485,122.4665,86410000.0
2020-05-20,123.8935,125.00050354,123.3635,124.897,79962000.0
2020-05-21,125.0,126.2725,122.127,122.337,102288000.0
2020-05-22,122.7505,123.4925,121.5065,121.844,57342000.0
2020-05-26,122.9,123.099998,120.703,121.093002,71364000.0
2020-05-27,120.2495,120.679,116.5,120.5195,101138000.0
2020-05-28,119.2165,121.8485,118.9115,120.055,63804000.0
2020-05-29,120.797,122.1185,119.91,122.1185,70198000.0
2020-06-01,122.4,123.8465,122.2085,123.552,58578000.0
2020-06-02,123.35,123.6765,122.2655,123.6205,50598000.0
2020-06-03,123.4005,124.4,123.058502,123.92,53420000.0
2020-06-04,123.8715,125.377,122.5005,123.029999,58974000.0
2020-06-05,122.2255,124.4325,121.8565,124.15,66128000.0
2020-06-08,125.010002,126.5,124.367,126.203,79414000.0
2020-06-09,126.472,131.3215,126.25,130.042999,103520000.0
2020-06-10,132.25,136.11749,131.313,132.3725,98920000.0
2020-06-11,130.175,133.569,126.8115,127.898,116002000.0
2020-06-12,130.060501,131.074005,125.1675,127.251,108722000.0
2020-06-15,126.33,129.2,125.4,128.634,77302000.0
2020-06-16,131.0,131.0,128.8,130.7635,71712000.0
2020-06-17,132.375,132.75,131.591,132.048996,59186000.0
2020-06-18,132.35049,132.98199,131.8055,132.69901,49756000.0
2020-06-19,133.90401,134.87151,132.95,133.7505,115540000.0
2020-06-22,134.22501,135.75,133.45,135.69099,64176000.0
2020-06-23,136.30099,139.1555,135.90199,138.2205,84634000.0
2020-06-24,139.0,139.8,136.050003,136.72,90532000.0
2020-06-25,136.97749,137.81149,135.60699,137.729,59374000.0
2020-06-26,138.75301,139.12849,134.39999,134.64349,130016000.0
2020-06-29,134.5005,134.84,131.504,134.018997,84468000.0
2020-06-30,134.25349,138.48151,133.7515,137.94099,75394000.0
2020-07-01,137.89951,144.75,137.7,143.935,127268000.0
2020-07-02,145.60049,147.778,143.55499,144.515,131868000.0
2020-07-06,146.7485,152.994,146.5,152.85201,137612000.0
2020-07-07,152.92751,153.47749,149.5,150.0059967,105150000.0
2020-07-08,151.13049,154.1985,150.62151,154.055496,100752000.0
2020-07-09,155.7995,159.694,153.7,159.1315,127774000.0
2020-07-10,159.588,160.75,156.785,160.0,109720000.0
2020-07-13,162.55299,167.21449,153.41949,155.2,154408000.0
2020-07-14,154.45,156.369,147.5,154.2,144638000.0
2020-07-15,154.011505,154.9175,148.659,150.4435,115778000.0
2020-07-16,148.55299,151.60001,145.9115,149.995,127884000.0
2020-07-17,150.45,151.2,147.4225,148.098495,95226000.0
2020-07-20,150.0099945,160.067993,149.701,159.842,151964000.0
2020-07-21,161.6245,162.029007,155.286,156.91451,122426000.0
2020-07-22,156.25,157.5,153.263,154.9955,82084000.0
2020-07-23,154.9135,154.9135,148.5,149.3275,113138000.0
2020-07-24,146.5,151.57899,144.39999,150.4455,112648000.0
2020-07-27,153.10001,154.89999,150.7885,152.7605,83410000.0
2020-07-28,152.7135,153.85451,149.78799,150.016495,62534000.0
2020-07-29,151.5495,151.95799,149.8385,151.6765,59482000.0
2020-07-30,150.7,154.60001,150.25,152.59399,122566000.0
2020-07-31,162.2,162.341,157.55,158.23399,161710000.0
2020-08-03,159.025497,159.2,155.2,155.5945,101494000.0
2020-08-04,155.060501,158.362,155.060501,156.9415,93886000.0
2020-08-05,157.18851,160.6795,156.36501,160.2515,78330000.0
2020-08-06,159.718,162.3735,158.2715,161.25,78812000.0
2020-08-07,161.2005,162.040497,157.033493,158.373,78722000.0
2020-08-10,158.5155,158.6255,155.076004,157.408,63346000.0
2020-08-11,155.66,157.961,153.64999,154.033493,74362000.0
2020-08-12,155.39999,158.7195,155.070999,158.112,70442000.0
2020-08-13,159.14951,160.87601,157.75,158.050995,62980000.0
2020-08-14,158.909,158.912,156.0,157.401,55034000.0
2020-08-17,158.65601,159.7485,157.709,159.1205,53824000.0
2020-08-18,160.60001,166.0,160.291,165.6245,106920000.0
2020-08-19,165.1505,165.795,162.8,163.024002,83702000.0
2020-08-20,162.60001,165.631,161.89999,164.8685,66650000.0
2020-08-21,164.75,165.72,163.7695,164.23599,71518000.0
2020-08-24,165.50751,169.016006,162.87801,165.373,93326000.0
2020-08-25,164.7495,167.87,163.35001,167.32449,79856000.0
2020-08-26,167.5555,172.58701,167.2285,172.092499,130174000.0
2020-08-27,172.5025,172.64999,168.89999,170.0,85296000.0
2020-08-28,171.14999,171.6685,169.325,170.089996,57940000.0
2020-08-31,170.44949,174.75,170.25,172.548,83718000.0
2020-09-01,174.479,175.6935,173.35001,174.95599,68644000.0
2020-09-02,177.35001,177.6125,174.3345,176.57249,78630000.0
2020-09-03,174.25,174.4205,165.14999,168.39999,163222000.0
2020-09-04,165.89999,169.074997,155.5565,164.731,175636000.0
2020-09-08,157.2,162.5425,156.5,157.492,121884000.0
2020-09-09,160.14951,165.159,159.25,163.4305,103774000.0
2020-09-10,165.36099,167.49451,158.5275,158.75549,106614000.0
2020-09-11,160.43449,160.867,154.19901,155.811,101880000.0
2020-09-14,158.647,159.36951,154.8,155.1485,90592000.0
2020-09-15,156.808,158.75101,155.446,157.8065,80430000.0
2020-09-16,158.9995,159.362,153.7075,153.905,90244000.0
2020-09-17,150.46249,151.4715,148.6275,150.43649,128982000.0
2020-09-18,151.58701,151.89,145.27699,147.7455,177852000.0
2020-09-21,145.325,148.10001,143.55,148.023499,122358000.0
2020-09-22,151.692,156.69949,150.0099945,156.44949,138976000.0
2020-09-23,156.0215,156.35001,149.619,149.993,113054000.0
2020-09-24,148.8895,153.465,148.25,150.9895,110588000.0
2020-09-25,152.743,155.076996,149.95,154.7565,92304000.0
2020-09-28,157.4425,158.752,155.85851,158.7025,84484000.0
2020-09-29,158.7695,159.41299,156.627,157.244,69916000.0
2020-09-30,157.057007,160.644,156.69949,157.43649,97922000.0
2020-10-01,160.39999,161.2,158.60001,161.063004,99438000.0
2020-10-02,157.6815,159.78999,156.14999,156.25,112262000.0
2020-10-05,157.29201,160.1265,157.042496,159.96001,75506000.0
2020-10-06,158.25,159.10001,154.5,154.998,101738000.0
2020-10-07,156.75,160.0,156.61951,159.7845,86188000.0
2020-10-08,161.2495,161.66451,158.7495,159.5275,63482000.0
2020-10-09,160.5,164.44949,159.89149,164.3325,98158000.0
2020-10-12,167.49699,174.812,166.97749,172.1465,167284000.0
2020-10-13,173.39951,174.619,171.211,172.1815,114894000.0
2020-10-14,172.35001,173.244,167.0,168.1855,116254000.0
2020-10-15,164.60049,167.79401,164.0,166.9325,104468000.0
2020-10-16,168.1615,169.983,158.0,163.6355,129488000.0
2020-10-19,164.9805,166.45,159.63699,160.3605,104472000.0
2020-10-20,161.114,163.3,159.60049,160.85049,90194000.0
2020-10-21,160.625,161.694,158.0,159.24699,91854000.0
2020-10-22,159.4935,159.9375,156.097,158.82001,84240000.0
2020-10-23,159.55,160.26649,157.0,160.22,69334000.0
2020-10-26,159.937,164.149,157.66499,160.35201,118024000.0
2020-10-27,161.24699,164.58299,160.565,164.3165,85820000.0
2020-10-28,162.465,163.201,158.1235,158.13901,111766000.0
2020-10-29,160.063507,162.8625,158.2,160.55051,131930000.0
2020-10-30,157.8875,158.35001,150.95,151.8075,167728000.0
2020-11-02,153.087006,153.9855,147.506,150.224,145148000.0
2020-11-03,150.9265,153.745,149.048996,152.4205,97958000.0
2020-11-04,157.9995,162.24249,156.9865,162.057999,136780000.0
2020-11-05,165.9985,168.34,164.444,166.10001,115786000.0
2020-11-06,165.23199,166.10001,161.60001,165.5685,92946000.0
2020-11-09,161.5515,164.45,155.6055,157.187,143808000.0
2020-11-10,154.75101,155.7,150.974,151.75101,131820000.0
2020-11-11,153.089005,156.9575,152.5,156.86951,87338000.0
2020-11-12,157.9975,158.79401,154.30251,155.51401,87240000.0
2020-11-13,156.10001,157.085999,154.2695,156.44051,75124000.0
2020-11-16,154.66,157.13499,153.63451,156.55299,76174000.0
2020-11-17,159.177,159.46249,156.763,156.783,68894000.0
2020-11-18,156.7,157.0,155.255,155.27299,58336000.0
2020-11-19,155.2655,156.25,154.046005,155.851,60206000.0
2020-11-20,155.851,156.6445,154.9025,154.97,67488000.0
2020-11-23,155.83501,156.9875,153.27299,154.91949,94178000.0
2020-11-24,155.024994,156.71249,154.313,155.903,72042000.0
2020-11-25,157.093506,159.89999,157.013,159.25349,75808000.0
2020-11-27,160.563,160.80949,159.5025,159.767,47858000.0
2020-11-30,160.424,161.41949,156.2775,158.40199,81278000.0
2020-12-01,159.425,162.44749,157.85899,161.0039978,90740000.0
2020-12-02,161.082504,161.60001,158.66299,160.1765,62586000.0
2020-12-03,160.27299,161.43201,159.065506,159.3365,57840000.0
2020-12-04,159.91051,159.91051,157.938,158.129,58272000.0
2020-12-07,157.82401,159.037994,157.084503,157.89999,55026000.0
2020-12-08,157.94501,159.2065,156.0010071,158.8645,65726000.0
2020-12-09,158.3945,158.7215,154.39999,155.21001,82016000.0
2020-12-10,154.44949,157.105,153.8,155.074493,60604000.0
2020-12-11,154.83299,155.9335,153.64101,155.821,61294000.0
2020-12-14,157.14999,159.5235,156.3,157.8485,83116000.0
2020-12-15,159.050507,159.425,156.52451,158.256,66390000.0
2020-12-16,158.80051,162.35001,158.18401,162.048004,88552000.0
2020-12-17,162.5,163.17551,161.050003,161.804,69486000.0
2020-12-18,162.19949,162.47099,158.58,160.082504,119914000.0
2020-12-21,160.00050354,161.3485,158.3,160.30901,76736000.0
2020-12-22,160.142,161.10001,159.0039978,160.326,47388000.0
2020-12-23,160.25,160.5065,159.2085,159.2635,41876000.0
2020-12-24,159.69501,160.10001,158.45,158.63451,29038000.0
2020-12-28,159.7,165.2,158.63451,164.198,113736000.0
2020-12-29,165.49699,167.5325,164.061005,166.10001,97458000.0
2020-12-30,167.050003,167.105,164.1235,164.2925,64186000.0
2020-12-31,163.75,164.146,162.059998,162.8465,59144000.0
2021-01-04,163.5,163.60001,157.201,159.3315,88228000.0
2021-01-05,158.30051,161.16901,158.25301,160.92551,53110000.0
2021-01-06,157.32401,159.8755,156.558,156.91901,87896000.0
2021-01-07,157.85001,160.427,157.75,158.108,70290000.0
2021-01-08,159.0,159.532,157.11,159.13499,70754000.0
2021-01-11,157.4005,157.819,155.5,155.71049,73668000.0
2021-01-12,156.0,157.10699,154.3,156.041504,70292000.0
2021-01-13,156.422,159.4975,156.104,158.29449,66424000.0
2021-01-14,158.37601,158.89999,156.029495,156.3735,61418000.0
2021-01-15,156.151,157.1275,154.7585,155.21249,84880000.0
2021-01-19,155.35001,157.25,154.8,156.037994,66102000.0
2021-01-20,159.099503,163.99001,158.75,163.16901,106196000.0
2021-01-21,164.64999,167.42751,164.4785,165.3495,98722000.0
2021-01-22,165.2155,166.095505,164.158,164.6115,56438000.0
2021-01-25,166.425,168.1945,162.1575,164.7,74996000.0
2021-01-26,164.81799,166.89999,164.14349,166.3065,59104000.0
2021-01-27,167.074493,167.326,160.354,161.629,93204000.0
2021-01-28,161.752,165.084,161.43449,161.881,62984000.0
2021-01-29,161.5,161.8495,159.22749,160.31,85872000.0
2021-02-01,162.118,167.513,161.7515,167.144,83204000.0
2021-02-02,169.0,171.38699,168.056503,169.0,141972000.0
2021-02-03,171.2505,171.7,165.431,165.6265,141776000.0
2021-02-04,166.5,167.35001,163.8875,166.55,73414000.0
2021-02-05,165.95,168.85001,165.1355,167.6075,72416000.0
2021-02-08,167.925,168.25,165.2,166.147,65148000.0
2021-02-09,165.6245,166.89999,164.892,165.25,44070000.0
2021-02-10,165.7,165.89751,162.7,164.32899,63032000.0
2021-02-11,164.60001,164.60001,162.403,163.10651,46028000.0
2021-02-12,162.5,164.012497,161.6655,163.8855,46706000.0
2021-02-16,162.7025,165.41499,162.6795,163.44749,51494000.0
2021-02-17,163.17999,166.045502,162.97501,165.43201,65950000.0
2021-02-18,164.121,166.89999,163.69701,166.4115,60548000.0
2021-02-19,166.4115,166.675,162.28751,162.495,86104000.0
2021-02-22,160.40649,161.616,158.61301,159.037003,70314000.0
2021-02-23,156.3515,160.2365,154.67999,159.72501,93544000.0
2021-02-24,158.33749,158.56149,156.269,157.9765,60226000.0
2021-02-25,156.83701,158.91299,152.388,152.858,90676000.0
2021-02-26,154.75999,156.12199,151.83501,154.6465,85518000.0
2021-03-01,156.3945,157.478,154.89951,157.30701,54582000.0
2021-03-02,157.17349,158.17599,154.356,154.7265,51916000.0
2021-03-03,154.059006,155.38901,149.75,150.25,79774000.0
2021-03-04,150.60001,152.90649,147.2715,148.87849,109632000.0
2021-03-05,150.25,150.45,144.050003,150.022995,107772000.0
2021-03-08,150.75,153.22951,147.56551,147.5975,83700000.0
2021-03-09,150.89951,154.548,150.25751,153.1425,80600000.0
2021-03-10,154.9225,155.823,151.5025,152.882,60250000.0
2021-03-11,155.2005,156.589,154.1465,155.6795,55528000.0
2021-03-12,153.75,154.94901,152.27499,154.4745,48438000.0
2021-03-15,153.7285,154.112,151.60451,154.084,58272000.0
2021-03-16,155.2485,156.4455,153.793,154.593,50776000.0
2021-03-17,153.661,158.6525,153.511,156.7865,62372000.0
2021-03-18,155.050003,155.8315,151.25,151.39951,72992000.0
2021-03-19,151.4615,153.8645,150.8315,153.748,92508000.0
2021-03-22,153.3925,156.32899,153.0025024,155.5435,58044000.0
2021-03-23,156.35001,159.10001,156.042496,156.875,76346000.0
2021-03-24,157.552,158.015503,154.25751,154.3535,59180000.0
2021-03-25,153.64951,155.489,151.85699,152.313,71270000.0
2021-03-26,152.203,152.83299,149.8,152.6015,66258000.0
2021-03-29,152.772,154.5625,151.4225,153.7865,54920000.0
2021-03-30,153.5005,153.64999,151.7,152.7645,46752000.0
2021-03-31,153.203,155.96651,153.125,154.70399,61878000.0
2021-04-01,155.897,158.12199,155.7775,158.050003,58806000.0
2021-04-05,158.64999,161.798,158.061996,161.3365,66698000.0
2021-04-06,161.1875,162.36549,160.85201,161.19099,50756000.0
2021-04-07,161.69,165.1805,161.1825,163.9695,66924000.0
2021-04-08,165.545,166.22501,164.60001,164.965,56242000.0
2021-04-09,165.235,168.61,164.44501,168.61,86830000.0
2021-04-12,167.7605,169.752,167.5575,168.9695,65636000.0
2021-04-13,170.042496,171.60001,169.78149,170.0,66316000.0
2021-04-14,170.202,170.2065,166.3,166.64999,62904000.0
2021-04-15,168.55,169.85001,167.60001,168.9545,64672000.0
2021-04-16,169.0,170.34,167.7795,169.972,63720000.0
2021-04-19,169.51649,171.79649,168.0079956,168.60049,54508000.0
2021-04-20,168.67999,169.14951,165.8,166.7345,52460000.0
2021-04-21,165.8,168.14301,165.19051,168.101,44224000.0
2021-04-22,168.584,168.64349,165.072495,165.452,51612000.0
2021-04-23,165.955,168.75,165.425,167.044006,63856000.0
2021-04-26,167.39999,171.4225,166.547,170.45,97614000.0
2021-04-27,172.17349,173.0,169.9005,170.87151,76542000.0
2021-04-28,171.74001,174.494,171.25,172.925,92638000.0
2021-04-29,175.255,175.7225,171.75,173.56551,153648000.0
2021-04-30,176.256,177.7,173.125,173.371,140186000.0
2021-05-03,174.2365,174.3325,168.63499,169.32449,117510000.0
2021-05-04,167.80949,168.399,163.60651,165.59351,108788000.0
2021-05-05,166.94299,167.735,163.218,163.52699,74226000.0
2021-05-06,163.5,165.72,162.36,165.3185,88954000.0
2021-05-07,165.9545,166.54449,164.45351,164.58051,94206000.0
2021-05-10,164.116,164.14999,159.5,159.52451,116772000.0
2021-05-11,156.814,161.89999,156.3685,161.1955,92396000.0
2021-05-12,159.25,160.397,156.655,157.597,98728000.0
2021-05-13,159.2735,160.192,156.64999,158.073502,67018000.0
2021-05-14,159.278,161.44299,159.14999,161.145,66500000.0
2021-05-17,162.29649,164.6375,161.72951,163.5195,74478000.0
2021-05-18,164.629,165.60001,161.51849,161.614,56568000.0
2021-05-19,159.75,161.7375,159.2,161.59,53594000.0
2021-05-20,162.22,162.98399,161.80901,162.384,52664000.0
2021-05-21,162.5,162.8345,159.85049,160.15401,82098000.0
2021-05-24,160.77499,162.89751,160.52499,162.2495,48456000.0
2021-05-25,163.3335,163.991,160.688,162.9525,65222000.0
2021-05-26,163.72951,164.7865,162.92551,163.258,47680000.0
2021-05-27,162.8,163.018005,161.502,161.50549,51224000.0
2021-05-28,162.10001,162.39951,160.985,161.1535,46596000.0
2021-06-01,162.175,162.549,160.453,160.9325,48600000.0
2021-06-02,161.155,161.75,160.39999,161.69949,40290000.0
2021-06-03,160.2115,160.722,159.20151,159.35049,47966000.0
2021-06-04,160.60001,161.050003,159.94051,160.311,44994000.0
2021-06-07,159.8665,160.39999,158.61,159.9005,44316000.0
2021-06-08,161.13049,163.9765,160.9005,163.20551,68334000.0
2021-06-09,163.64349,164.879,163.535,164.057495,49110000.0
2021-06-10,164.10049,167.55,164.057495,167.4825,69530000.0
2021-06-11,167.4825,168.32899,166.6725,167.34151,56348000.0
2021-06-14,167.34151,169.25,166.77499,169.1935,51394000.0
2021-06-15,169.2,169.8495,168.1555,169.15649,48524000.0
2021-06-16,169.60001,171.3175,168.026505,170.7625,84056000.0
2021-06-17,170.159,174.86,170.050003,174.46201,102730000.0
2021-06-18,173.9995,175.35001,173.6855,174.345,104954000.0
2021-06-21,173.821,174.10001,171.7,172.698,65542000.0
2021-06-22,172.903,176.189,172.8045,175.272,66902000.0
2021-06-23,175.25,176.050003,174.16,175.19099,56266000.0
2021-06-24,175.382,176.243,171.5425,172.45399,76640000.0
2021-06-25,173.2,173.241,169.709,170.072998,78820000.0
2021-06-28,170.8,172.39999,170.67551,172.1945,44856000.0
2021-06-29,171.94099,172.8015,171.1515,172.407,41968000.0
2021-06-30,172.052994,173.58,171.75,172.0079956,48080000.0
2021-07-01,171.7305,172.85001,170.47099,171.6485,40742000.0
2021-07-02,172.582,175.586,171.84599,175.549,63388000.0
2021-07-06,176.50549,184.274,176.45,183.787,134896000.0
2021-07-07,185.869,186.71001,183.9455,184.82899,106562000.0
2021-07-08,182.17799,187.9995,181.056,186.5705,103612000.0
2021-07-09,186.12601,187.39999,184.67,185.967,74964000.0
2021-07-12,187.2,187.8645,184.83949,185.92751,51432000.0
2021-07-13,185.105,188.65401,183.56599,183.868,76918000.0
2021-07-14,185.4425,185.883,183.041504,184.084,65932000.0
2021-07-15,184.71001,184.77,181.046005,181.56,63706000.0
2021-07-16,181.6655,182.30299,178.52299,178.6815,80874000.0
2021-07-19,176.629,177.5105,174.95799,177.47951,75692000.0
2021-07-20,178.366,179.60001,175.89999,178.6595,65114000.0
2021-07-21,178.819,179.32249,177.18201,179.25999,46380000.0
2021-07-22,179.3615,182.0010071,179.11349,181.9015,65308000.0
2021-07-23,182.0,183.3055,181.10201,182.832,48726000.0
2021-07-26,183.65849,185.604,182.3625,184.991,58002000.0
2021-07-27,184.925,184.925,179.3075,181.3195,82638000.0
2021-07-28,181.689,182.92101,180.050003,181.51601,59988000.0
2021-07-29,181.3875,181.89751,179.00050354,179.996,110400000.0
2021-07-30,167.39751,168.407,165.349,166.3795,199312000.0
2021-08-02,167.655,167.946,165.85001,166.57401,67078000.0
2021-08-03,167.035995,169.55,164.98849,168.312,83146000.0
2021-08-04,168.9675,169.444,167.278,167.73599,43678000.0
2021-08-05,167.811,169.45,167.046005,168.7995,48670000.0
2021-08-06,168.75,168.75,166.452,167.24699,52752000.0
2021-08-09,167.1805,167.744,166.42599,167.093506,42964000.0
2021-08-10,167.2505,167.89999,165.75,166.033997,48252000.0
2021-08-11,166.57249,166.88499,163.8895,164.6055,58944000.0
2021-08-12,164.5,165.72549,163.48351,165.175,46282000.0
2021-08-13,165.28349,165.3035,164.14999,164.6985,41134000.0
2021-08-16,164.14999,165.0,160.5565,164.94949,66394000.0
2021-08-17,163.875,164.024506,161.284,162.098007,67758000.0
2021-08-18,162.099503,162.705,160.0,160.061005,56086000.0
2021-08-19,159.701,161.64999,159.123,159.3875,75658000.0
2021-08-20,160.1935,160.3905,158.78799,159.9975,67168000.0
2021-08-23,160.595,164.044998,160.5005,163.2935,65362000.0
2021-08-24,164.0,165.77451,163.729,165.289,51036000.0
2021-08-25,165.4935,166.050003,164.3075,164.959,33606000.0
2021-08-26,164.95,166.60001,164.8,165.8,41976000.0
2021-08-27,166.6615,167.616,165.6875,167.48151,48048000.0
2021-08-30,167.87151,172.25,167.761,171.078506,63844000.0
2021-08-31,171.24001,173.629,169.7795,173.53951,87128000.0
2021-09-01,174.82001,176.35001,173.76199,173.95,72598000.0
2021-09-02,174.73801,175.59801,172.75,173.15601,58474000.0
2021-09-03,172.60001,174.1335,171.82201,173.9025,51514000.0
2021-09-07,173.89999,176.4045,173.847,175.46449,54758000.0
2021-09-08,175.5825,177.28149,174.78349,176.27499,61068000.0
2021-09-09,176.30099,177.4995,174.018494,174.20799,54384000.0
2021-09-10,175.091507,175.4225,173.14549,173.4575,47946000.0
2021-09-13,174.14,174.89799,171.89999,172.85851,51380000.0
2021-09-14,173.7775,174.3405,171.8855,172.5,38738000.0
2021-09-15,172.12601,174.271,170.10049,173.78951,59150000.0
2021-09-16,172.998,174.6275,172.30701,174.412,51672000.0
2021-09-17,174.4205,174.8705,172.60651,173.12601,92332000.0
2021-09-20,169.8,170.95,165.2505,167.7865,93382000.0
2021-09-21,168.75,168.985,166.61951,167.1815,55618000.0
2021-09-22,167.55,169.45,167.052505,169.0025024,48228000.0
2021-09-23,169.0025024,171.448,169.0025024,170.8,47588000.0
2021-09-24,170.10049,171.463,169.67,171.276,42324000.0
2021-09-27,168.575,170.7785,166.9805,170.28999,72690000.0
2021-09-28,167.8855,168.4595,164.505,165.798,88616000.0
2021-09-29,166.1055,167.565,164.89349,165.056,51246000.0
2021-09-30,165.8,166.3925,163.69949,164.252,56848000.0
2021-10-01,164.4505,165.4585,162.797,164.16299,56712000.0
2021-10-04,163.9695,163.9995,158.8125,159.489,90462000.0
2021-10-05,160.22501,163.036499,160.123,161.050003,65384000.0
2021-10-06,160.6765,163.217,159.931,163.10049,50660000.0
2021-10-07,164.577,166.28751,164.153,165.12151,48182000.0
2021-10-08,165.85001,166.071503,164.41,164.431,39964000.0
2021-10-11,163.75,164.6295,161.905,162.315,40684000.0
2021-10-12,162.85001,163.3765,161.814,162.3665,36392000.0
2021-10-13,163.4855,164.41901,163.054504,164.214,48402000.0
2021-10-14,165.1225,165.63,164.539,164.993,42190000.0
2021-10-15,165.571,170.521,165.2,170.451,103598000.0
2021-10-18,169.418,172.4585,169.255,172.33701,63482000.0
2021-10-19,171.71449,172.7345,171.10001,172.2075,47722000.0
2021-10-20,172.633,173.14301,170.018494,170.75301,42796000.0
2021-10-21,170.71249,172.014008,170.14999,171.7505,37628000.0
2021-10-22,171.050003,171.492,166.565,166.7775,62782000.0
2021-10-25,166.75,167.39,164.88499,166.018494,44520000.0
2021-10-26,167.47549,170.806,167.19901,168.8035,53966000.0
2021-10-27,169.39999,171.85001,168.57249,169.6245,54044000.0
2021-10-28,170.105,173.95,169.3,172.32851,114174000.0
2021-10-29,165.0010071,168.741,163.666,168.62151,129722000.0
2021-11-01,168.089996,168.793,164.601,165.9055,72178000.0
2021-11-02,165.7505,166.556,164.17751,165.6375,52552000.0
2021-11-03,165.45,169.746,164.87601,169.2,67944000.0
2021-11-04,168.5,174.9315,168.25,173.85001,107060000.0
2021-11-05,173.85001,178.3125,173.849,175.94949,99940000.0
2021-11-08,176.162,178.95,174.39301,174.44901,61480000.0
2021-11-09,175.7625,179.68851,175.071503,178.81149,85898000.0
2021-11-10,178.1935,180.27251,173.1545,174.10249,80548000.0
2021-11-11,175.64999,177.162,173.3735,173.625,45288000.0
2021-11-12,174.25,177.036499,172.35249,176.25751,53788000.0
2021-11-15,176.85001,179.694,176.2905,177.284,58594000.0
2021-11-16,176.95,178.825,176.25751,177.035004,44342000.0
2021-11-17,178.23599,179.3625,177.2675,177.45,51206000.0
2021-11-18,178.3175,185.21001,178.050003,184.80299,114070000.0
2021-11-19,185.63451,188.1075,183.786,183.82851,98734000.0
2021-11-22,183.819,185.673,178.375,178.62849,96844000.0
2021-11-23,179.252,181.052505,176.3855,179.0019989,73804000.0
2021-11-24,178.1335,180.68201,176.8425,179.020493,46560000.0
2021-11-26,180.105,181.675,175.2075,175.228,59826000.0
2021-11-29,177.382,179.8,176.575,178.078506,65312000.0
2021-11-30,178.175,179.2885,174.60049,175.3535,80022000.0
2021-12-01,177.25,177.994,172.080002,172.186,74916000.0
2021-12-02,173.0,174.63499,171.1875,171.868,64726000.0
2021-12-03,172.75,173.4935,166.92999,169.4895,80712000.0
2021-12-06,169.64999,173.6955,166.93449,171.3685,68860000.0
2021-12-07,174.60001,177.4995,173.3345,176.16451,66410000.0
2021-12-08,176.1505,177.17999,174.7505,176.158,45254000.0
2021-12-09,175.75,176.9695,174.1395,174.17101,46062000.0
2021-12-10,175.41701,175.927,170.5,172.21201,60690000.0
2021-12-13,172.0,172.10001,169.13,169.5675,62170000.0
2021-12-14,167.55,169.49899,166.44,169.091507,55976000.0
2021-12-15,168.59801,173.60001,165.19501,173.315,75794000.0
2021-12-16,173.3685,174.166,168.16051,168.871,60876000.0
2021-12-17,167.71049,170.8985,165.61349,170.017502,85542000.0
2021-12-20,166.85001,167.8745,165.60001,167.078995,57372000.0
2021-12-21,167.85049,170.71651,165.64751,170.41701,55956000.0
2021-12-22,169.27,172.050003,168.5005,171.037003,55036000.0
2021-12-23,170.42799,171.97501,170.14999,171.068497,36788000.0
2021-12-27,171.037003,172.94299,169.2155,169.66949,58688000.0
2021-12-28,170.1825,172.17599,169.1355,170.661,54638000.0
2021-12-29,170.84,171.21201,168.60049,169.201,35754000.0
2021-12-30,169.7,170.888,168.524,168.6445,37584000.0
2021-12-31,168.95599,169.35001,166.5585,166.717,47830000.0
2022-01-03,167.55,170.70351,166.16051,170.4045,63520000.0
2022-01-04,170.438,171.39999,166.3495,167.522,70726000.0
2022-01-05,166.883,167.1265,164.35699,164.35699,64302000.0
2022-01-06,163.4505,164.8,161.937,163.254,51958000.0
2022-01-07,163.839,165.2435,162.031006,162.554,46606000.0
2022-01-10,160.58549,161.6615,156.3045,161.48599,87798000.0
2022-01-11,161.5,166.35001,160.70151,165.362,62806000.0
2022-01-12,166.575,166.87801,164.41701,165.207,50030000.0
2022-01-13,165.2505,166.2215,161.091003,161.214,52188000.0
2022-01-14,160.14999,162.25,159.80051,162.138,45974000.0
2022-01-18,159.105,159.7345,157.66451,158.9175,67292000.0
2022-01-19,158.76199,159.25,156.25,156.299,53242000.0
2022-01-20,156.76601,158.0,151.351,151.6675,71974000.0
2022-01-21,149.95,150.89999,142.070496,142.64301,163972000.0
2022-01-24,139.0,144.94501,135.35201,144.54401,155624000.0
2022-01-25,142.24249,143.60001,138.145,139.98599,90824000.0
2022-01-26,144.75,145.185,137.3185,138.8725,95602000.0
2022-01-27,140.8,144.2435,139.35001,139.6375,77516000.0
2022-01-28,140.8605,143.998,137.9295,143.978,74392000.0
2022-01-31,144.75,150.3605,144.30051,149.5735,78308000.0
2022-02-01,150.0,151.70799,147.6275,151.1935,59220000.0
2022-02-02,155.050507,155.074997,148.86349,150.6125,87330000.0
2022-02-03,141.7375,144.2475,138.33299,138.8455,225532000.0
2022-02-04,155.60651,161.2,150.608,157.6395,253456000.0
2022-02-07,158.52,162.69099,157.25,157.9355,102624000.0
2022-02-08,156.7505,161.7925,155.55051,161.4135,76040000.0
2022-02-09,162.8735,163.8345,160.25,161.1895,68786000.0
2022-02-10,158.35001,160.71651,157.75,159.0034943,68268000.0
2022-02-11,158.13451,159.0,152.73399,153.2935,77100000.0
2022-02-14,151.75101,158.4485,151.64999,155.16701,83230000.0
2022-02-15,157.6055,158.0070038,154.6375,156.5105,56440000.0
2022-02-16,155.7905,158.834,154.7345,158.10049,52704000.0
2022-02-17,158.146,160.349,154.5,154.6525,64032000.0
2022-02-18,155.4995,155.4995,150.89301,152.6015,63604000.0
2022-02-22,150.4785,152.9825,148.4855,150.19749,66128000.0
2022-02-23,151.6505,151.763,144.651,144.827,64244000.0
2022-02-24,139.83749,151.74899,139.5,151.358,100786000.0
2022-02-25,150.55,153.99001,149.2135,153.7885,62396000.0
2022-02-28,152.425,154.45,150.85001,153.563,57684000.0
2022-03-01,152.7325,154.098999,149.97701,151.142,44874000.0
2022-03-02,150.849,152.9995,148.75,152.052505,47334000.0
2022-03-03,153.53149,153.929,146.856,147.8985,65198000.0
2022-03-04,147.159,147.85001,143.80701,145.64101,60934000.0
2022-03-07,145.4435,146.094498,137.4165,137.453,86934000.0
2022-03-08,136.6835,140.69949,133.57249,136.014496,91662000.0
2022-03-09,139.5,140.25,136.828,139.27901,82656000.0
2022-03-10,145.685,148.6745,143.978,146.8175,135062000.0
2022-03-11,149.57449,149.675,145.369,145.52451,68900000.0
2022-03-14,145.981,147.45,140.884,141.853,74086000.0
2022-03-15,142.85001,147.985,142.0,147.3665,75584000.0
2022-03-16,148.5,153.14999,147.3535,153.104,84958000.0
2022-03-17,152.6405,157.4985,152.14,157.239,72934000.0
2022-03-18,156.813,161.59399,156.011002,161.2505,102962000.0
2022-03-21,161.121,163.084,159.55299,161.4915,66538000.0
2022-03-22,161.8055,166.16701,161.69901,164.88901,64086000.0
2022-03-23,163.705,166.37,162.687,163.408,55812000.0
2022-03-24,163.7495,164.1185,160.050003,163.64951,56798000.0
2022-03-25,164.0,165.3685,162.25,164.7735,49032000.0
2022-03-28,164.97501,169.037506,164.89999,168.99049,59854000.0
2022-03-29,170.384,170.8315,167.8685,169.315,66154000.0
2022-03-30,168.50951,168.9505,165.5,166.30099,56168000.0
2022-03-31,166.44501,166.495,162.95351,162.9975,59966000.0
2022-04-01,164.14951,165.827,162.3195,163.56,57090000.0
2022-04-04,164.125,168.3945,163.20551,168.3465,49882000.0
2022-04-05,167.7415,168.1105,163.26601,164.054993,53728000.0
2022-04-06,161.6505,162.2,157.2545,158.756,79056000.0
2022-04-07,158.39999,160.078995,154.51151,157.7845,68136000.0
2022-04-08,156.75,157.3685,154.231,154.46049,46002000.0
2022-04-11,152.713,154.13651,150.5345,151.12199,52112000.0
2022-04-12,153.6925,155.098999,150.383,150.78751,55178000.0
2022-04-13,150.018494,156.024994,149.60001,155.541,53390000.0
2022-04-14,155.39,155.897,151.472,151.7065,51598000.0
2022-04-18,151.5235,154.039505,150.2505,152.785,46514000.0
2022-04-19,152.029495,158.649,151.55051,158.11549,54926000.0
2022-04-20,157.60249,157.60249,153.6035,153.998,59630000.0
2022-04-21,154.714,156.73801,147.58949,148.29601,63970000.0
2022-04-22,148.25,149.61501,143.69749,144.35001,73078000.0
2022-04-25,144.022995,146.2215,142.3065,146.074005,61874000.0
2022-04-26,144.8,144.856,138.9295,139.39101,77530000.0
2022-04-27,140.1915,141.9485,135.78349,138.16701,71336000.0
2022-04-28,142.17799,145.9375,140.3,144.5965,117316000.0
2022-04-29,129.849,130.761,121.625,124.2815,272662000.0
2022-05-02,122.401,124.668,118.375,124.5,148788000.0
2022-05-03,124.053497,126.2205,122.825,124.2535,79134000.0
2022-05-04,123.6,126.0,119.183,125.9285,110746000.0
2022-05-05,123.0,123.499,115.072502,116.407,144392000.0
2022-05-06,114.85,119.050499,113.081497,114.7725,124260000.0
2022-05-09,111.3125,114.0,107.957,108.789,128124000.0
2022-05-10,111.25,112.6425,107.171,108.859,105434000.0
2022-05-11,108.1035,110.156,104.4285,105.372,109704000.0
2022-05-12,102.75,110.7805,102.4055,106.9305,132026000.0
2022-05-13,109.069,113.184,107.8,113.055,93684000.0
2022-05-16,113.099998,113.9925,110.354,110.8105,74566000.0
2022-05-17,113.275,115.8,111.2765,115.3685,76448000.0
2022-05-18,111.4395,112.853,106.249,107.1125,108380000.0
2022-05-19,106.2805,110.033997,106.193,107.319,88142000.0
2022-05-20,109.5685,109.898,105.0094986,107.591,99500000.0
2022-05-23,108.461,108.819,103.95,107.557,107798000.0
2022-05-24,104.025002,105.4,101.26,104.099998,102934000.0
2022-05-25,103.6555,108.175,103.65,106.775,93120000.0
2022-05-26,107.97,112.6655,107.4535,111.077499,93002000.0
2022-05-27,113.55,115.187,112.628,115.1465,93660000.0
2022-05-31,116.28,121.9945,115.675,120.2095,144634000.0
2022-06-01,122.256,125.179,120.6225,121.684,127528000.0
2022-06-02,121.684,125.61,120.044998,125.511,100560000.0
2022-06-03,124.2,124.4,121.046501,122.35,97604000.0
2022-06-06,125.25,128.99001,123.81,124.79,135269000.0
2022-06-07,122.010002,124.099998,120.63,123.0,85156700.0
2022-06-08,122.61,123.75,120.75,121.18,64926600.0
2022-06-09,119.99,121.3,116.099998,116.15,67029800.0
2022-06-10,113.42,114.5,109.050003,109.65,87266000.0
2022-06-13,104.19,106.54,101.86,103.67,99277700.0
2022-06-14,104.19,104.88,101.43,102.31,69728800.0
2022-06-15,103.86,109.059998,103.53,107.67,85011100.0
2022-06-16,104.47,104.58,102.010002,103.66,82186300.0
2022-06-17,102.8,106.98,102.51,106.22,99772100.0
2022-06-21,108.2,111.63,103.56,108.68,70901200.0
2022-06-22,107.43,112.13,107.019997,108.95,60040100.0
2022-06-23,110.39,113.0,107.93,112.44,64345300.0
2022-06-24,112.38,116.71,111.43,116.46,69867600.0
2022-06-27,117.089996,117.98,112.7,113.22,62133200.0
2022-06-28,113.5,114.85,107.040001,107.4,74942900.0
2022-06-29,107.38,110.99,106.91,108.92,66375300.0
2022-06-30,108.11,108.18,102.52,106.21,97679400.0
2022-07-01,106.29,109.75,105.85,109.56,73021200.0
2022-07-05,107.6,114.080002,106.32,113.5,76583700.0
2022-07-06,113.21,115.48,112.010002,114.33,66958900.0
2022-07-07,113.85,116.99,113.49,116.33,57872300.0
2022-07-08,114.6,116.58,113.69,115.54,45719700.0
2022-07-11,114.080002,114.3,110.87,111.75,53487600.0
2022-07-12,112.16,113.23,108.34,109.22,54280300.0
2022-07-13,107.029999,111.78,106.010002,110.4,61353800.0
2022-07-14,110.24,111.18,107.58,110.63,51163100.0
2022-07-15,112.5,115.59,111.59,113.55,84317800.0
2022-07-18,115.0,117.24,113.15,113.76,59115400.0
2022-07-19,115.7,118.95,114.029999,118.21,60990000.0
2022-07-20,118.62,123.48,118.32,122.77,71268300.0
2022-07-21,123.2,124.85,121.26,124.63,60239900.0
2022-07-22,125.010002,125.5,121.35,122.42,51463800.0
2022-07-25,122.7,123.64,120.029999,121.14,50221300.0
2022-07-26,115.79,118.15,114.53,114.81,67075100.0
2022-07-27,117.31,121.9,117.16,120.97,61582000.0
2022-07-28,121.57,122.84,118.080002,122.28,82245500.0
2022-07-29,134.89999,137.64999,132.41,134.95,148892900.0
2022-08-01,134.96001,138.83,133.50999,135.39,76846900.0
2022-08-02,134.72,137.44,134.089996,134.16,61922400.0
2022-08-03,136.21001,140.49001,136.050003,139.52,71827800.0
2022-08-04,140.58,143.56,139.55,142.57001,70585000.0
2022-08-05,140.10001,142.86,139.60001,140.8,50686900.0
2022-08-08,142.050003,144.23,138.28999,139.41,52229000.0
2022-08-09,138.050003,138.95,136.21001,137.83,40434700.0
2022-08-10,142.89999,144.60001,141.0099945,142.69,54773800.0
2022-08-11,143.86,144.49001,139.75999,140.64,44867300.0
2022-08-12,142.050003,143.57001,140.12,143.55,47643500.0
2022-08-15,142.8,143.75999,141.49001,143.17999,39014600.0
2022-08-16,143.91,146.57001,142.0,144.78,59102900.0
2022-08-17,142.69,143.38,140.78,142.10001,48149800.0
2022-08-18,141.32001,142.77,140.38,142.3,37458700.0
2022-08-19,140.47,141.11,137.91,138.23,47792800.0
2022-08-22,135.72,136.32001,132.85001,133.22,50461500.0
2022-08-23,133.41,134.99001,132.95,133.62,36252100.0
2022-08-24,132.75,135.47,132.10001,133.8,38627000.0
2022-08-25,135.25999,137.42,134.28,137.28,37496300.0
2022-08-26,136.55,137.83,130.5,130.75,53322700.0
2022-08-29,129.89999,131.95,128.77,129.78999,48101600.0
2022-08-30,131.25,132.070007,126.85,128.73,49203000.0
2022-08-31,129.45,130.59,126.74,126.77,53648700.0
2022-09-01,126.0,128.020004,123.66,127.82,56636100.0
2022-09-02,129.5,131.38,126.39,127.51,57429800.0
2022-09-06,127.92,128.62,124.74,126.11,43888600.0
2022-09-07,126.12,129.82001,125.4,129.48,47900300.0
2022-09-08,127.72,130.28,127.099998,129.82001,43988500.0
2022-09-09,130.91,133.69,130.75999,133.27,49387600.0
2022-09-12,134.10001,136.49001,134.0,136.45,53826900.0
2022-09-13,131.0099945,131.39999,126.27,126.82,72694000.0
2022-09-14,127.36,128.84,126.33,128.55,45316800.0
2022-09-15,127.38,130.37,125.5,126.28,52887200.0
2022-09-16,122.78,123.87,120.7,123.53,115667800.0
2022-09-19,122.16,124.71,121.8,124.66,47279700.0
2022-09-20,123.35,124.4,121.14,122.19,47698400.0
2022-09-21,122.49,123.76,118.45,118.54,58498900.0
2022-09-22,117.080002,118.79,116.26,117.31,55229200.0
2022-09-23,116.0,116.050003,112.059998,113.78,65126700.0
2022-09-26,113.3,117.34,113.13,115.15,62723300.0
2022-09-27,117.2,118.32,113.050003,114.41,60094700.0
2022-09-28,114.38,118.7,113.8,118.010002,55763800.0
2022-09-29,115.6,116.07,113.059998,114.8,58969700.0
2022-09-30,114.080002,116.92,112.84,113.0,59479600.0
2022-10-03,113.58,116.91,112.45,115.88,50941900.0
2022-10-04,119.89,123.0,119.79,121.089996,62812600.0
2022-10-05,118.58,121.75,117.69,120.95,48217500.0
2022-10-06,120.77,121.53,119.5,120.3,42253800.0
2022-10-07,118.0,118.17,113.88,114.56,54678000.0
2022-10-10,115.099998,116.25,112.43,113.67,42339700.0
2022-10-11,112.71,115.48,110.39,112.21,56432200.0
2022-10-12,112.49,113.83,111.4,112.9,45728700.0
2022-10-13,107.88,113.44,105.35,112.53,86868100.0
2022-10-14,114.099998,114.96,106.6,106.9,67737300.0
2022-10-17,110.11,114.19,110.089996,113.79,62782000.0
2022-10-18,119.059998,119.52,114.79,116.36,65607400.0
2022-10-19,114.71,116.59,113.22,115.07,47198100.0
2022-10-20,113.83,118.24,113.51,115.25,48795100.0
2022-10-21,114.79,119.59,114.5,119.32,55660500.0
2022-10-24,119.98,120.39,116.57,119.82,49531500.0
2022-10-25,119.65,121.32,118.95,120.6,50934600.0
2022-10-26,116.0,119.35,114.76,115.66,68802300.0
2022-10-27,113.92,114.12,109.77,110.96,129605400.0
2022-10-28,97.91,103.96,97.66,103.41,223133400.0
2022-10-31,103.56,104.87,100.74,102.44,99251400.0
2022-11-01,103.99,104.58,96.059998,96.79,153370000.0
2022-11-02,97.32,97.74,92.010002,92.12,135761800.0
2022-11-03,92.47,93.5,89.019997,89.3,136683300.0
2022-11-04,91.49,92.44,88.040001,90.98,129101300.0
2022-11-07,91.95,92.099998,89.040001,90.53,77495700.0
2022-11-08,90.79,91.72,88.23,89.98,88703400.0
2022-11-09,89.47,89.48,85.87,86.14,90796200.0
2022-11-10,92.94,98.69,91.65,96.63,173414900.0
2022-11-11,97.88,101.19,96.66,100.79,111590500.0
2022-11-14,98.77,100.12,97.29,98.49,99533100.0
2022-11-15,103.21,103.79,97.34,98.94,111336300.0
2022-11-16,96.85,98.49,95.54,97.12,87958800.0
2022-11-17,95.37,96.97,94.029999,94.85,82617900.0
2022-11-18,95.95,95.99,92.48,94.14,72428200.0
2022-11-21,93.97,95.019997,90.59,92.46,84330300.0
2022-11-22,92.62,93.35,90.87,93.2,62192000.0
2022-11-23,93.24,94.58,92.83,94.13,59414700.0
2022-11-25,93.79,94.43,93.07,93.41,35088600.0
2022-11-28,93.93,96.4,93.43,93.95,74943100.0
2022-11-29,94.040001,94.41,91.44,92.42,65567300.0
2022-11-30,92.47,96.54,91.53,96.54,102805800.0
2022-12-01,96.99,97.23,94.92,95.5,68488000.0
2022-12-02,94.48,95.36,93.78,94.13,72496400.0
2022-12-05,93.050003,94.059998,90.82,91.010002,71535500.0
2022-12-06,90.5,91.040001,87.9,88.25,75503600.0
2022-12-07,88.34,89.89,87.48,88.46,68086900.0
2022-12-08,89.24,90.86,87.88,90.35,73305900.0
2022-12-09,88.9,90.3,88.63,89.089996,67398500.0
2022-12-12,89.21,90.58,87.87,90.55,61999800.0
2022-12-13,95.23,96.25,90.52,92.49,100212000.0
2022-12-14,92.5,93.46,89.87,91.58,70298000.0
2022-12-15,89.89,89.97,87.47,88.45,84802900.0
2022-12-16,88.27,89.35,86.73,87.86,146144100.0
2022-12-19,87.51,87.63,84.51,84.92,83531500.0
2022-12-20,85.33,86.61,84.33,85.19,74348300.0
2022-12-21,86.18,87.23,85.21,86.77,59267200.0
2022-12-22,85.52,85.68,82.25,83.79,81431300.0
2022-12-23,83.25,85.78,82.93,85.25,57433700.0
2022-12-27,84.97,85.35,83.0,83.040001,57284000.0
2022-12-28,82.8,83.48,81.69,81.82,58228600.0
2022-12-29,82.87,84.55,82.55,84.18,54995900.0
2022-12-30,83.12,84.050003,82.47,84.0,62401200.0
2023-01-03,85.46,86.96,84.21,85.82,76706000.0
2023-01-04,86.55,86.98,83.36,85.14,68885100.0
2023-01-05,85.33,85.42,83.07,83.12,67930800.0
2023-01-06,83.029999,86.4,81.43,86.080002,83303400.0
2023-01-09,87.46,89.48,87.080002,87.36,65266100.0
2023-01-10,87.57,90.19,87.29,89.87,67756600.0
2023-01-11,90.93,95.26,90.93,95.089996,103126200.0
2023-01-12,96.93,97.19,93.5,95.27,85254800.0
2023-01-13,94.18,98.37,94.12,98.12,85549400.0
2023-01-17,98.68,98.89,95.73,96.050003,72755000.0
2023-01-18,97.25,99.32,95.38,95.46,79570400.0
2023-01-19,94.74,95.44,92.86,93.68,69002700.0
2023-01-20,93.86,97.35,93.2,97.25,67481500.0
2023-01-23,97.56,97.78,95.86,97.52,76501100.0
2023-01-24,96.93,98.089996,96.0,96.32,66929500.0
2023-01-25,92.56,97.24,91.52,97.18,94261600.0
2023-01-26,98.24,99.49,96.92,99.22,68523600.0
2023-01-27,99.53,103.49,99.53,102.24,87775600.0
2023-01-30,101.089996,101.74,99.010002,100.55,70691900.0
2023-01-31,101.16,103.35,101.14,103.13,66527300.0
2023-02-01,102.53,106.24,101.24,105.15,80450100.0
2023-02-02,110.25,114.0,108.88,112.91,158154200.0
2023-02-03,105.26,108.78,102.52,103.39,144374800.0
2023-02-06,102.93,103.95,100.65,102.18,81945200.0
2023-02-07,101.17,102.41,98.080002,102.11,119501300.0
2023-02-08,102.040001,102.67,98.78,100.050003,75878300.0
2023-02-09,101.32,101.78,97.57,98.24,64622500.0
2023-02-10,97.56,98.82,96.23,97.61,52740100.0
2023-02-13,97.85,99.68,96.91,99.54,52841500.0
2023-02-14,98.41,100.92,97.52,99.7,56202900.0
2023-02-15,99.089996,101.17,98.45,101.16,47957600.0
2023-02-16,99.21,100.63,98.099998,98.15,56339200.0
2023-02-17,97.8,97.94,95.65,97.2,60029400.0
2023-02-21,95.34,95.61,94.27,94.58,56580400.0
2023-02-22,95.099998,97.010002,94.8,95.79,59534100.0
2023-02-23,96.12,96.43,93.67,95.82,48467000.0
2023-02-24,93.53,94.14,92.32,93.5,57053800.0
2023-02-27,94.28,94.78,93.14,93.76,47470300.0
2023-02-28,93.14,94.69,92.92,94.23,43959300.0
2023-03-01,93.87,94.68,91.59,92.17,52299500.0
2023-03-02,91.41,92.23,90.39,92.13,55509400.0
2023-03-03,92.74,94.94,92.66,94.9,55759600.0
2023-03-06,95.19,96.55,93.74,93.75,52112400.0
2023-03-07,94.059998,95.089996,92.78,93.55,49100700.0
2023-03-08,93.6,94.17,92.18,93.92,44899100.0
2023-03-09,93.68,96.21,92.18,92.25,56218700.0
2023-03-10,92.67,93.57,90.25,90.73,69827500.0
2023-03-13,89.97,94.019997,88.12,92.43,72397100.0
2023-03-14,93.83,95.07,92.71,94.88,60912700.0
2023-03-15,93.22,96.67,93.07,96.2,70731800.0
2023-03-16,95.75,100.99,95.61,100.040001,84446900.0
2023-03-17,99.79,100.66,97.46,98.95,87300200.0
2023-03-20,98.41,98.48,95.7,97.71,62388900.0
2023-03-21,98.14,100.85,98.0,100.61,58597300.0
2023-03-22,100.45,102.099998,98.61,98.7,57475400.0
2023-03-23,100.43,101.059998,97.62,98.71,57559300.0
2023-03-24,98.07,98.3,96.4,98.13,56095400.0
2023-03-27,99.07,99.34,97.080002,98.040001,46721300.0
2023-03-28,98.11,98.44,96.29,97.24,38720100.0
2023-03-29,98.69,100.42,98.56,100.25,49783300.0
2023-03-30,101.55,103.040001,101.010002,102.0,53633400.0
2023-03-31,102.16,103.49,101.95,103.29,56750300.0
2023-04-03,102.3,103.29,101.43,102.41,41135700.0
2023-04-04,102.75,104.2,102.11,103.95,48662500.0
2023-04-05,103.91,103.91,100.75,101.099998,45175400.0
2023-04-06,100.75,102.38,99.8,102.059998,43808000.0
2023-04-10,100.96,102.2,99.57,102.17,37261200.0
2023-04-11,100.8,101.0,99.010002,99.92,60417800.0
2023-04-12,100.4,100.51,97.71,97.83,56735000.0
2023-04-13,98.95,102.57,98.71,102.4,67925100.0
2023-04-14,102.07,103.2,101.11,102.51,51450500.0
2023-04-17,103.16,103.73,101.59,102.74,39919500.0
2023-04-18,103.95,104.2,101.52,102.3,39790500.0
2023-04-19,101.58,105.12,101.39,104.3,58398900.0
2023-04-20,103.53,105.25,103.21,103.81,57696900.0
2023-04-21,106.099998,108.15,105.080002,106.96,86774200.0
2023-04-24,107.66,109.23,105.07,106.21,69575600.0
2023-04-25,104.91,105.45,102.45,102.57,65026800.0
2023-04-26,105.040001,106.62,104.099998,104.98,73803800.0
2023-04-27,108.16,110.86,106.8,109.82,149961200.0
2023-04-28,107.73,109.48,104.33,105.45,130565000.0
2023-05-01,104.95,105.23,101.82,102.050003,74728100.0
2023-05-02,101.47,103.9,101.15,103.63,73469400.0
2023-05-03,103.74,105.96,103.28,103.65,65051900.0
2023-05-04,104.040001,105.39,103.31,104.0,45345500.0
2023-05-05,104.27,105.76,103.55,105.66,56912900.0
2023-05-08,105.040001,106.099998,104.7,105.83,49430900.0
2023-05-09,105.48,106.79,105.16,106.62,44089400.0
2023-05-10,108.099998,110.67,108.050003,110.19,78627600.0
2023-05-11,111.029999,113.28,110.49,112.18,74924800.0
2023-05-12,112.16,112.64,109.32,110.26,49810100.0
2023-05-15,111.15,112.29,109.25,111.2,53011100.0
2023-05-16,111.050003,114.79,111.050003,113.4,71472900.0
2023-05-17,114.89,115.83,114.22,115.5,65655200.0
2023-05-18,116.69,118.6,116.34,118.15,73174100.0
2023-05-19,118.16,118.31,115.7,116.25,54990200.0
2023-05-22,116.77,116.77,114.25,115.010002,70741100.0
2023-05-23,114.27,117.14,113.78,114.99,67576300.0
2023-05-24,115.35,117.34,115.019997,116.75,63487900.0
2023-05-25,116.63,116.87,114.31,115.0,66496700.0
2023-05-26,116.040001,121.5,116.019997,120.11,96779900.0
2023-05-30,122.37,122.92,119.86,121.66,64314800.0
2023-05-31,121.45,122.040001,119.17,120.58,72800800.0
2023-06-01,120.69,123.49,119.93,122.77,54375100.0
2023-06-02,124.92,126.39,124.019997,124.25,61215000.0
2023-06-05,123.36,125.8,123.029999,125.3,47950100.0
2023-06-06,125.07,127.4,125.0,126.61,45695200.0
2023-06-07,127.010002,127.37,120.63,121.23,95663300.0
2023-06-08,123.010002,125.63,122.26,124.25,62159300.0
2023-06-09,124.080002,125.8,123.19,123.43,51330000.0
2023-06-12,124.019997,126.78,123.53,126.57,51338000.0
2023-06-13,128.12,128.41,125.18,126.66,50564800.0
2023-06-14,126.7,126.95,124.12,126.42,52422500.0
2023-06-15,125.21,127.69,124.32,127.11,60458500.0
2023-06-16,127.71,127.9,125.3,125.49,84188100.0
2023-06-20,124.97,127.25,124.5,125.78,56930100.0
2023-06-21,125.64,126.73,123.85,124.83,52137700.0
2023-06-22,125.31,130.33,125.14,130.14999,90354600.0
2023-06-23,129.11,130.84,128.28,129.33,71855200.0
2023-06-26,129.33,131.49001,127.099998,127.33,59989300.0
2023-06-27,128.63,130.089996,127.55,129.17999,46801000.0
2023-06-28,128.94,131.48,128.44,129.039993,52149500.0
2023-06-29,128.77,129.25999,127.26,127.9,40761000.0
2023-06-30,129.47,131.25,128.95,130.36,54310500.0
2023-07-03,130.82001,131.85001,130.070007,130.22,28264800.0
2023-07-05,130.24001,131.39999,129.64,130.38,35895400.0
2023-07-06,128.25,128.73,127.37,128.36,40639900.0
2023-07-07,128.59,130.97,128.13,129.78,41928700.0
2023-07-10,129.070007,129.28,125.92,127.13,61889300.0
2023-07-11,127.75,129.77,127.35,128.78,49951500.0
2023-07-12,130.31,131.25999,128.83,130.8,54022800.0
2023-07-13,134.039993,134.67,132.71001,134.3,61170900.0
2023-07-14,134.059998,136.64999,134.059998,134.67999,54388100.0
2023-07-17,134.56,135.62,133.21001,133.56,48450200.0
2023-07-18,132.71001,133.86,131.35001,132.83,54969100.0
2023-07-19,133.39,135.99001,132.53,135.36,54531000.0
2023-07-20,134.070007,134.78999,129.33,129.96001,59820600.0
2023-07-21,131.34,131.37,128.42,130.0,133265000.0
2023-07-24,130.31,131.66,128.35001,128.8,45591100.0
2023-07-25,129.31,129.58,128.53,129.13,39236700.0
2023-07-26,126.51,129.080002,126.11,128.14999,53910100.0
2023-07-27,131.0,132.63,127.79,128.25,52610700.0
2023-07-28,129.69,133.0099945,129.33,132.21001,46317400.0
2023-07-31,133.2,133.87,132.38,133.67999,41901500.0
2023-08-01,133.55,133.69,131.62,131.69,42098500.0
2023-08-02,130.14999,130.23,126.82,128.21001,51027600.0
2023-08-03,127.48,129.84,126.41,128.91,88585200.0
2023-08-04,141.059998,143.63,139.32001,139.57001,152938700.0
2023-08-07,140.99001,142.53999,138.95,142.22,71213100.0
2023-08-08,140.62,140.84,138.42,139.94,51710500.0
2023-08-09,139.97,140.32001,137.10001,137.85001,50017300.0
2023-08-10,139.070007,140.41,137.49001,138.56,58928400.0
2023-08-11,137.39999,139.33,137.0,138.41,42832100.0
2023-08-14,138.3,140.59,137.75,140.57001,47148700.0
2023-08-15,140.050003,141.28,137.23,137.67,42781500.0
2023-08-16,137.19,137.27,135.0099945,135.070007,41675900.0
2023-08-17,135.46001,136.089996,133.53,133.98,48354100.0
2023-08-18,131.62,134.070007,131.14999,133.22,48469400.0
2023-08-21,133.74001,135.19,132.71001,134.67999,41442500.0
2023-08-22,135.080002,135.64999,133.73,134.25,32935100.0
2023-08-23,134.5,135.95,133.22,135.52,42801000.0
2023-08-24,136.39999,136.78,131.83,131.84,43646300.0
2023-08-25,132.47,133.87,130.58,133.25999,44147500.0
2023-08-28,133.78,133.95,131.85001,133.14,34108400.0
2023-08-29,133.38,135.14,133.25,134.91,38646100.0
2023-08-30,134.92999,135.67999,133.92,135.070007,36137000.0
2023-08-31,135.059998,138.78999,135.0,138.0099945,58781300.0
2023-09-01,139.46001,139.96001,136.88,138.12,40948300.0
2023-09-05,137.73,137.8,135.82001,137.27,40636700.0
2023-09-06,136.32001,137.45,134.61,135.36,41785500.0
2023-09-07,133.89999,138.029999,133.16,137.85001,48498900.0
2023-09-08,136.86,138.85001,136.75,138.23,38348200.0
2023-09-11,138.75,143.62,138.64,143.10001,56764500.0
2023-09-12,142.32001,143.0,140.61,141.23,42668500.0
2023-09-13,140.95,144.98,140.87,144.85001,60465200.0
2023-09-14,145.080002,145.86,142.95,144.72,64033600.0
2023-09-15,142.69,143.57001,140.089996,140.39,102861700.0
2023-09-18,140.48,141.75,139.22,139.98,42823500.0
2023-09-19,138.7,138.84,135.56,137.63,61482500.0
2023-09-20,138.55,139.37,135.2,135.28999,46263700.0
2023-09-21,131.94,132.24001,129.31,129.33,70234800.0
2023-09-22,131.11,132.029999,128.52,129.12,59904300.0
2023-09-25,129.36,131.78,128.77,131.27,46017800.0
2023-09-26,130.12,130.39,125.28,125.98,73048200.0
2023-09-27,125.76,127.48,124.13,125.98,66553400.0
2023-09-28,124.040001,126.58,123.040001,125.98,54555000.0
2023-09-29,128.2,129.14999,126.32,127.12,62377600.0
2023-10-02,127.28,130.47,126.54,129.46001,48029700.0
2023-10-03,128.059998,128.52,124.25,124.72,51565000.0
2023-10-04,126.059998,127.36,125.68,127.0,44203900.0
2023-10-05,126.71,126.73,124.33,125.96,39660600.0
2023-10-06,124.16,128.45,124.13,127.96,46795900.0
2023-10-09,126.22,128.78999,124.76,128.25999,38773700.0
2023-10-10,128.82001,130.74001,128.050003,129.48,42178600.0
2023-10-11,129.74001,132.050003,129.61,131.83,40741800.0
2023-10-12,132.17,134.48,131.23,132.33,55528600.0
2023-10-13,132.98,133.31,128.95,129.78999,45786600.0
2023-10-16,130.69,133.070007,130.42999,132.55,42832900.0
2023-10-17,130.39,132.58,128.71001,131.47,49344600.0
2023-10-18,129.89999,130.67,127.51,128.13,42699500.0
2023-10-19,130.57001,132.24001,127.47,128.39999,60961400.0
2023-10-20,128.050003,128.17,124.97,125.17,56343300.0
2023-10-23,124.63,127.88,123.98,126.56,48260000.0
2023-10-24,127.74,128.8,126.34,128.56,46477400.0
2023-10-25,126.040001,126.34,120.79,121.39,74577500.0
2023-10-26,120.63,121.64,118.35,119.57,100419500.0
2023-10-27,126.2,130.020004,125.52,127.74,125309300.0
2023-10-30,129.72,133.0,128.56,132.71001,72485500.0
2023-10-31,132.75,133.57001,131.71001,133.089996,51589400.0
2023-11-01,133.96001,137.35001,133.71001,137.0,61529400.0
2023-11-02,138.73,138.81,136.47,138.070007,52236700.0
2023-11-03,138.99001,139.49001,137.45,138.60001,44007200.0
2023-11-06,138.75999,140.73,138.36,139.74001,44970400.0
2023-11-07,140.55,143.37,140.5,142.71001,53553500.0
2023-11-08,142.97,143.12,141.22,142.080002,44521700.0
2023-11-09,142.020004,142.64999,139.84,140.60001,36235400.0
2023-11-10,140.46001,143.64999,139.91,143.56,49287800.0
2023-11-13,142.080002,143.23,140.67,142.59,35680600.0
2023-11-14,145.0,147.25999,144.67999,145.8,56674600.0
2023-11-15,147.059998,147.28999,142.59,143.2,63875700.0
2023-11-16,140.91,143.32001,139.52,142.83,49653500.0
2023-11-17,142.66,145.23,142.53999,145.17999,49636700.0
2023-11-20,145.13,146.63,144.73,146.13,41951200.0
2023-11-21,143.91,144.050003,141.5,143.89999,71226000.0
2023-11-22,144.57001,147.74001,144.57001,146.71001,45669100.0
2023-11-24,146.7,147.2,145.32001,146.74001,22378400.0
2023-11-27,147.53,149.25999,146.88,147.73,53762400.0
2023-11-28,146.98,147.60001,145.53,147.029999,42711700.0
2023-11-29,147.85001,148.53999,145.97,146.32001,40610900.0
2023-11-30,144.75999,146.92999,144.33,146.089996,65814000.0
2023-12-01,146.0,147.25,145.55,147.029999,39924600.0
2023-12-04,145.25,145.35001,142.81,144.84,48294200.0
2023-12-05,143.55,148.57001,143.13,146.88,46822400.0
2023-12-06,147.58,147.85001,144.28,144.52,39679000.0
2023-12-07,146.14999,147.92,145.34,146.88,52352800.0
2023-12-08,145.48,147.84,145.39999,147.42,41858000.0
2023-12-11,145.66,146.19,143.64,145.89,50907300.0
2023-12-12,145.52,147.5,145.3,147.48,44944300.0
2023-12-13,148.12,149.46001,146.82001,148.84,52766200.0
2023-12-14,149.92999,150.53999,145.52,147.42,58400800.0
2023-12-15,148.38,150.57001,147.88,149.97,110039100.0
2023-12-18,150.56,154.85001,150.050003,154.070007,62512800.0
2023-12-19,154.39999,155.12,152.69,153.78999,43171300.0
2023-12-20,152.89999,155.63,151.56,152.12,50322100.0
2023-12-21,153.3,153.97,152.10001,153.84,36305700.0
2023-12-22,153.77,154.35001,152.71001,153.42,29480100.0
2023-12-26,153.56,153.98,153.029999,153.41,25067200.0
2023-12-27,153.56,154.78,153.12,153.34,31434700.0
2023-12-28,153.72,154.080002,152.95,153.38,27057000.0
2023-12-29,153.10001,153.89,151.029999,151.94,39789000.0
2024-01-02,151.53999,152.38,148.39,149.92999,47339400.0
2024-01-03,149.2,151.050003,148.33,148.47,49425500.0
2024-01-04,145.59,147.38,144.050003,144.57001,56039800.0
2024-01-05,144.69,146.59,144.53,145.24001,45124800.0
2024-01-08,146.74001,149.39999,146.14999,149.10001,46757100.0
2024-01-09,148.33,151.71001,148.21001,151.37,43812600.0
2024-01-10,152.059998,154.42,151.88,153.73,44421800.0
2024-01-11,155.039993,157.17,153.12,155.17999,49072700.0
2024-01-12,155.39,156.2,154.0099945,154.62,40460300.0
2024-01-16,153.53,154.99001,152.14999,153.16,41384600.0
2024-01-17,151.49001,152.14999,149.91,151.71001,34953400.0
2024-01-18,152.77,153.78,151.82001,153.5,37850200.0
2024-01-19,153.83,155.75999,152.74001,155.34,51033700.0
2024-01-22,156.89,157.050003,153.89999,154.78,43687500.0
2024-01-23,154.85001,156.21001,153.92999,156.020004,37986000.0
2024-01-24,157.8,158.50999,156.48,156.87,48547300.0
2024-01-25,156.95,158.50999,154.55,157.75,43638600.0
2024-01-26,158.42,160.72,157.91,159.12,51047400.0
2024-01-29,159.34,161.28999,158.89999,161.25999,45270400.0
2024-01-30,160.7,161.73,158.49001,159.0,45207400.0
2024-01-31,157.0,159.0099945,154.81,155.2,50284400.0
2024-02-01,155.87,159.75999,155.62,159.28,76542400.0
2024-02-02,169.19,172.5,167.33,171.81,117154900.0
2024-02-05,170.2,170.55,167.7,170.31,55081300.0
2024-02-06,169.39,170.71001,167.64999,169.14999,42505500.0
2024-02-07,169.48,170.88,168.94,170.53,47174100.0
2024-02-08,169.64999,171.42999,168.88,169.84,42316500.0
2024-02-09,170.89999,175.0,170.58,174.45,56986000.0
2024-02-12,174.8,175.39,171.53999,172.34,51050400.0
2024-02-13,167.73,170.95,165.75,168.64,56345100.0
2024-02-14,169.21001,171.21001,168.28,170.98,42815500.0
2024-02-15,170.58,171.17,167.59,169.8,49855200.0
2024-02-16,168.74001,170.42,167.17,169.50999,48074600.0
2024-02-20,167.83,168.71001,165.74001,167.080002,41980300.0
2024-02-21,168.94,170.23,167.14,168.59,44575600.0
2024-02-22,173.10001,174.8,171.77,174.58,55392400.0
2024-02-23,174.28,175.75,173.7,174.99001,59715200.0
2024-02-26,175.7,176.37,174.25999,174.73,44368600.0
2024-02-27,174.080002,174.62,172.86,173.53999,31141700.0
2024-02-28,172.44,174.050003,172.27,173.16,28180500.0
2024-02-29,173.0099945,177.22,172.85001,176.75999,53805400.0
2024-03-01,176.75,178.73,176.070007,178.22,31956200.0
2024-03-04,177.53,180.14,177.49001,177.58,37381500.0
2024-03-05,176.92999,176.92999,173.3,174.12,37228300.0
2024-03-06,175.53999,176.46001,173.25999,173.50999,32090900.0
2024-03-07,174.83,177.99001,173.72,176.82001,34063300.0
2024-03-08,176.44,178.78999,174.33,175.35001,37853500.0
2024-03-11,174.31,174.47,171.47,171.96001,28484800.0
2024-03-12,173.5,176.75999,171.98,175.39,36610600.0
2024-03-13,175.89999,177.62,175.55,176.56,30772600.0
2024-03-14,177.69,179.53,176.47,178.75,43705800.0
2024-03-15,176.64,177.92999,173.89999,174.42,72115500.0
2024-03-18,175.8,176.69,174.28,174.48,31250700.0
2024-03-19,174.22,176.089996,173.52,175.89999,26880900.0
2024-03-20,176.14,178.53,174.64,178.14999,29947200.0
2024-03-21,179.99001,181.42,178.14999,178.14999,32824300.0
2024-03-22,177.75,179.25999,176.75,178.87,27964100.0
2024-03-25,178.0099945,180.99001,177.24001,179.71001,29815500.0
2024-03-26,180.14999,180.45,177.95,178.3,29659000.0
2024-03-27,179.88,180.0,177.31,179.83,33272600.0
2024-03-28,180.17,181.7,179.25999,180.38,38051600.0
2024-04-01,180.78999,183.0,179.95,180.97,29174500.0
2024-04-02,179.070007,180.78999,178.38,180.69,32611500.0
2024-04-03,179.89999,182.87,179.8,182.41,31046600.0
2024-04-04,184.0,185.10001,180.0,180.0,41624300.0
2024-04-05,182.38,186.27,181.97,185.070007,42335200.0
2024-04-08,186.89999,187.28999,184.81,185.19,39221300.0
2024-04-09,187.24001,187.34,184.2,185.67,36546900.0
2024-04-10,182.77,186.27,182.67,185.95,35879200.0
2024-04-11,186.74001,189.77,185.50999,189.050003,40020700.0
2024-04-12,187.72,188.38,185.080002,186.13,38554300.0
2024-04-15,187.42999,188.69,183.0,183.62,48052400.0
2024-04-16,183.27,184.83,182.25999,183.32001,32891300.0
2024-04-17,184.31,184.57001,179.82001,181.28,31359700.0
2024-04-18,181.47,182.39,178.64999,179.22,30723800.0
2024-04-19,178.74001,179.0,173.44,174.63,55950000.0
2024-04-22,176.94,178.87,174.56,177.23,37924900.0
2024-04-23,178.080002,179.92999,175.98,179.53999,37046500.0
2024-04-24,179.94,180.32001,176.17999,176.59,34185100.0
2024-04-25,169.67999,173.92,166.32001,173.67,49249400.0
2024-04-26,177.8,180.82001,176.13,179.62,43919800.0
2024-04-29,182.75,183.53,179.39,180.96001,54063900.0
2024-04-30,181.089996,182.99001,174.8,175.0,94639800.0
2024-05-01,181.64,185.14999,176.56,179.0,94645100.0
2024-05-02,180.85001,185.10001,179.91,184.72,54303500.0
2024-05-03,186.99001,187.87,185.42,186.21001,39172000.0
2024-05-06,186.28,188.75,184.8,188.7,34725300.0
2024-05-07,188.92,189.94,187.31,188.75999,34048900.0
2024-05-08,187.44,188.42999,186.39,188.0,26136400.0
2024-05-09,188.88,191.7,187.44,189.5,43368400.0
2024-05-10,189.16,189.89,186.92999,187.48,34141800.0
2024-05-13,188.0,188.31,185.36,186.57001,24898600.0
2024-05-14,183.82001,187.72,183.45,187.070007,38698200.0
2024-05-15,185.97,186.72,182.73,185.99001,75459900.0
2024-05-16,185.60001,187.31,183.46001,183.63,38834500.0
2024-05-17,183.75999,185.3,183.35001,184.7,33175700.0
2024-05-20,184.34,186.67,183.28,183.53999,30511800.0
2024-05-21,182.3,183.25999,180.75,183.14999,50839100.0
2024-05-22,183.88,185.22,181.97,183.13,28148800.0
2024-05-23,183.66,184.75999,180.080002,181.050003,33670200.0
2024-05-24,181.64999,182.44,180.3,180.75,27434100.0
2024-05-28,179.92999,182.24001,179.49001,182.14999,29927000.0
2024-05-29,181.7,184.080002,181.55,182.020004,32009300.0
2024-05-30,181.31,181.34,178.36,179.32001,29249200.0
2024-05-31,178.3,179.21001,173.87,176.44,58903900.0
2024-06-03,177.7,178.7,175.92,178.34,30786600.0
2024-06-04,177.64,179.82001,176.44,179.34,27198400.0
2024-06-05,180.10001,181.5,178.75,181.28,32116400.0
2024-06-06,181.75,185.0,181.49001,185.0,31371200.0
2024-06-07,184.89999,186.28999,183.36,184.3,28021500.0
2024-06-10,184.070007,187.23,183.78999,187.059998,34494500.0
2024-06-11,187.059998,187.77,184.53999,187.23,27265100.0
2024-06-12,188.020004,188.35001,185.42999,186.89,33984200.0
2024-06-13,186.089996,187.67,182.67,183.83,39721500.0
2024-06-14,183.080002,183.72,182.23,183.66,25456400.0
2024-06-17,182.52,185.0,181.22,184.059998,35601900.0
2024-06-18,183.74001,184.28999,181.42999,182.81,36659200.0
2024-06-20,182.91,186.50999,182.72,186.10001,44726800.0
2024-06-21,187.8,189.28,185.86,189.080002,72931800.0
2024-06-24,189.33,191.0,185.33,185.57001,50610400.0
2024-06-25,186.81,188.84,185.42,186.34,45898500.0
2024-06-26,186.92,194.8,186.25999,193.61,65103900.0
2024-06-27,195.0099945,199.84,194.2,197.85001,74397500.0
2024-06-28,197.73,198.85001,192.5,193.25,76930200.0
2024-07-01,193.49001,198.3,192.82001,197.2,41192000.0
2024-07-02,197.28,200.42999,195.92999,200.0,45600000.0
2024-07-03,199.94,200.029999,196.75999,197.59,31597900.0
2024-07-05,198.64999,200.55,198.17,200.0,39858900.0
2024-07-08,200.039993,201.2,197.96001,199.28999,34767300.0
2024-07-09,199.39999,200.57001,199.050003,199.34,32700100.0
2024-07-10,200.0,200.11,197.69,199.78999,32883800.0
2024-07-11,200.089996,200.27,192.86,195.050003,44565000.0
2024-07-12,194.8,196.47,193.83,194.49001,30598500.0
2024-07-15,194.56,196.19,190.83,192.72,40683200.0
2024-07-16,195.59,196.62,192.24001,193.020004,33994700.0
2024-07-17,191.35001,191.58,185.99001,187.92999,48076100.0
2024-07-18,189.59,189.67999,181.45,183.75,51043600.0
2024-07-19,181.14,184.92999,180.11,183.13,43081800.0
2024-07-22,185.0,185.059998,182.48,182.55,39931900.0
2024-07-23,184.10001,189.39,183.56,186.41,47537700.0
2024-07-24,183.2,185.45,180.41,180.83,41532400.0
2024-07-25,182.91,183.89999,176.8,179.85001,44464200.0
2024-07-26,180.39,183.19,180.24001,182.5,29506000.0
2024-07-29,183.84,184.75,182.38,183.2,33270100.0
2024-07-30,184.72,185.86,179.38,181.71001,39508600.0
2024-07-31,185.050003,187.94,184.46001,186.98,41667300.0
2024-08-01,189.28999,190.60001,181.87,184.070007,70435600.0
2024-08-02,166.75,168.77,160.55,167.89999,141448400.0
2024-08-05,154.21001,162.96001,151.61,161.020004,83149400.0
2024-08-06,161.71001,165.080002,158.53999,161.92999,59950800.0
2024-08-07,166.55,167.58,161.42999,162.77,48408200.0
2024-08-08,165.17,166.69,162.55,165.8,44616200.0
2024-08-09,166.39999,168.55,165.85001,166.94,36401000.0
2024-08-12,168.14,168.55,166.11,166.8,30072800.0
2024-08-13,167.81,171.039993,167.10001,170.23,39237900.0
2024-08-14,172.11,172.28,168.86,170.10001,28843800.0
2024-08-15,174.86,177.91,173.99001,177.59,51698500.0
2024-08-16,177.039993,178.34,176.25999,177.059998,31489200.0
2024-08-19,177.64,178.3,176.16,178.22,31129800.0
2024-08-20,177.92,179.0099945,177.42999,178.88,26255200.0
2024-08-21,179.92,182.39,178.89,180.11,35599100.0
2024-08-22,181.38,181.47,175.67999,176.13,32047500.0
2024-08-23,177.34,178.97,175.24001,177.039993,29150100.0
2024-08-26,176.7,177.47,174.3,175.5,22366200.0
2024-08-27,174.14999,174.89,172.25,173.12,29842000.0
2024-08-28,173.69,173.69,168.92,170.8,29045000.0
2024-08-29,173.22,174.28999,170.81,172.12,26407800.0
2024-08-30,172.78,178.89999,172.60001,178.5,43429400.0
2024-09-03,177.55,178.25999,175.25999,176.25,37817500.0
2024-09-04,174.48,175.98,172.53999,173.33,30309200.0
2024-09-05,175.0,179.88,175.0,177.89,40170500.0
2024-09-06,177.24001,178.38,171.16,171.39,41466500.0
2024-09-09,174.53,175.85001,173.50999,175.39999,29037400.0
2024-09-10,177.49001,180.5,176.78999,179.55,36233800.0
2024-09-11,180.10001,184.99001,175.73,184.52,42564700.0
2024-09-12,184.8,187.41,183.53999,187.0,33622500.0
2024-09-13,187.0,188.5,185.91,186.49001,26495400.0
2024-09-16,185.28999,185.81,183.36,184.89,26065500.0
2024-09-17,186.85001,189.45,186.14,186.88,26091700.0
2024-09-18,186.45,188.8,185.059998,186.42999,34448100.0
2024-09-19,190.039993,190.99001,188.47,189.87,39543200.0
2024-09-20,190.23,191.84,187.41,191.60001,100378600.0
2024-09-23,191.64,194.45,190.57001,193.88,36993100.0
2024-09-24,194.27,195.37,190.13,193.96001,43478900.0
2024-09-25,193.75,193.95,192.16,192.53,26391100.0
2024-09-26,194.31,194.53,189.53999,191.16,36334900.0
2024-09-27,190.67999,190.89999,187.34,187.97,36002300.0
2024-09-30,187.14,188.49001,184.64999,186.33,41583900.0
2024-10-01,184.89999,186.19,183.45,185.13,36044900.0
2024-10-02,184.44,186.60001,184.039993,184.75999,23704100.0
2024-10-03,183.050003,183.44,180.88,181.96001,30204300.0
2024-10-04,185.75,187.60001,183.60001,186.50999,40890300.0
2024-10-07,182.95,183.60001,180.25,180.8,42364200.0
2024-10-08,181.92,183.089996,180.92,182.72,26372100.0
2024-10-09,182.82001,185.85001,182.050003,185.17,26343100.0
2024-10-10,187.13,188.13,185.83,186.64999,27785000.0
2024-10-11,186.63,189.92999,186.3,188.82001,25751600.0
2024-10-14,189.78,189.83,187.36,187.53999,22614400.0
2024-10-15,187.63,188.41,184.58,187.69,32178900.0
2024-10-16,187.050003,187.78,185.61,186.89,23456800.0
2024-10-17,188.22,188.94,186.0,187.53,25039400.0
2024-10-18,187.14999,190.74001,186.28,188.99001,37417700.0
2024-10-21,188.050003,189.46001,186.39999,189.070007,24639400.0
2024-10-22,188.35001,191.52,186.98,189.7,29650600.0
2024-10-23,188.85001,189.16,183.69,184.71001,31937100.0
2024-10-24,185.25,187.11,183.86,186.38,21647400.0
2024-10-25,187.85001,190.45,187.53,187.83,29362100.0
2024-10-28,189.57001,190.21001,188.21001,188.39,27930800.0
2024-10-29,188.58,191.46001,187.82001,190.83,35690200.0
2024-10-30,194.7,195.61,192.42,192.73,37707600.0
2024-10-31,190.50999,190.60001,185.23,186.39999,75146800.0
2024-11-01,199.0,200.5,197.020004,197.92999,99687800.0
2024-11-04,196.45,197.33,194.31,195.78,38492100.0
2024-11-05,196.039993,199.82001,195.99001,199.5,30564800.0
2024-11-06,200.0099945,207.55,199.14,207.089996,72292200.0
2024-11-07,207.44,212.25,207.19,210.050003,52878400.0
2024-11-08,209.72,209.96001,207.44,208.17999,36075800.0
2024-11-11,208.5,209.64999,205.59,206.84,35456000.0
2024-11-12,208.37,209.53999,206.0099945,208.91,38942900.0
2024-11-13,209.39999,215.089996,209.14,214.10001,46212900.0
2024-11-14,214.16,215.89999,210.88,211.48,42620300.0
2024-11-15,206.75999,207.34,199.61,202.61,86591100.0
2024-11-18,204.14999,204.67,200.95,201.7,36512500.0
2024-11-19,199.33,205.3,198.78,204.61,31197900.0
2024-11-20,202.98,203.13,199.45,202.88,32769000.0
2024-11-21,203.49001,203.49001,195.75,198.38,58800000.0
2024-11-22,198.25,199.25999,196.75,197.12,31530800.0
2024-11-25,199.28,201.95,199.0,201.45,40685700.0
2024-11-26,201.89999,208.0,201.78999,207.86,41673700.0
2024-11-27,206.98,207.64,205.050003,205.74001,28061600.0
2024-11-29,205.83,208.2,204.59,207.89,24892400.0
2024-12-02,209.96001,212.99001,209.50999,210.71001,39523200.0
2024-12-03,210.31,214.020004,209.64999,213.44,32214800.0
2024-12-04,215.96001,220.0,215.75,218.16,48745700.0
2024-12-05,218.029999,222.14999,217.3,220.55,41140200.0
2024-12-06,220.75,227.14999,220.60001,227.029999,44178100.0
2024-12-09,227.21001,230.080002,225.67,226.089996,46819400.0
2024-12-10,226.089996,229.059998,224.2,225.039993,31199900.0
2024-12-11,226.41,231.2,226.25999,230.25999,35385800.0
2024-12-12,229.83,231.089996,227.63,228.97,28204100.0
2024-12-13,228.39999,230.2,225.86,227.46001,28768100.0
2024-12-16,230.23,233.0,228.0099945,232.92999,37552100.0
2024-12-17,232.39,232.73,227.85001,231.14999,35948100.0
2024-12-18,230.77,231.39999,220.11,220.52,43281400.0
2024-12-19,224.91,226.089996,222.92,223.28999,39918700.0
2024-12-20,219.84,226.21001,218.73,224.92,88279200.0
2024-12-23,225.0099945,226.88,223.89999,225.059998,28070000.0
2024-12-24,226.94,229.14,226.13,229.050003,15007500.0
2024-12-26,228.5,228.5,226.67,227.050003,16146700.0
2024-12-27,225.60001,226.029999,220.89999,223.75,27367100.0
2024-12-30,220.059998,223.0,218.42999,221.3,28321200.0
2024-12-31,222.97,223.23,218.94,219.39,24819700.0
2025-01-02,222.029999,225.14999,218.19,220.22,33956600.0
2025-01-03,222.50999,225.36,221.62,224.19,27515600.0
2025-01-06,226.78,228.84,224.84,227.61,31849800.0
2025-01-07,227.89999,228.38,221.46001,222.11,28084200.0
2025-01-08,223.19,223.52,220.2,222.13,25033300.0
2025-01-10,221.46001,221.71001,216.5,218.94,36811500.0
2025-01-13,218.059998,219.39999,216.47,218.46001,27262700.0
2025-01-14,220.44,221.82001,216.2,217.75999,24711700.0
2025-01-15,222.83,223.57001,220.75,223.35001,31291300.0
2025-01-16,224.42,224.64999,220.31,220.66,24757300.0
2025-01-17,225.84,226.50999,223.080002,225.94,42370100.0
2025-01-21,228.89999,231.78,226.94,230.71001,39951500.0
2025-01-22,232.020004,235.44,231.19,235.0099945,41448200.0
2025-01-23,234.10001,235.52,231.50999,235.42,26404400.0
2025-01-24,234.5,236.39999,232.92999,234.85001,25890700.0
2025-01-27,226.21001,235.61,225.86,235.42,49428300.0
2025-01-28,234.28999,241.77,233.98,238.14999,41587200.0
2025-01-29,239.020004,240.39,236.14999,237.070007,26091700.0
2025-01-30,237.14,237.95,232.22,234.64,32020700.0
2025-01-31,236.5,240.28999,236.41,237.67999,36162400.0
2025-02-03,234.059998,239.25,232.89999,237.42,37285900.0
2025-02-04,239.0099945,242.52,238.029999,242.059998,29713800.0
2025-02-05,237.020004,238.32001,235.2,236.17,38727300.0
2025-02-06,238.0099945,239.66,236.0099945,238.83,60897100.0
2025-02-07,232.5,234.81,228.059998,229.14999,77539300.0
2025-02-10,230.55,233.92,229.2,233.14,35419900.0
2025-02-11,231.92,233.44,230.13,232.75999,23713700.0
2025-02-12,230.46001,231.17999,228.16,228.92999,32285200.0
2025-02-13,228.85001,230.42,227.52,230.37,31346500.0
2025-02-14,229.2,229.89,227.23,228.67999,27031100.0
2025-02-18,228.82001,229.3,223.72,226.64999,42975100.0
2025-02-19,225.52,226.83,223.71001,226.63,28566700.0
2025-02-20,224.78,225.13,221.81,222.88,30001700.0
2025-02-21,223.28,223.31,214.74001,216.58,55323900.0
2025-02-24,217.45,217.72,212.42,212.71001,42387600.0
2025-02-25,211.63,213.34,204.16,212.8,58958000.0
2025-02-26,214.94,218.16,213.089996,214.35001,39120600.0
2025-02-27,218.35001,219.97,208.37,208.74001,40548600.0
2025-02-28,208.64999,212.62,206.99001,212.28,51771700.0
2025-03-03,213.35001,214.0099945,202.55,205.020004,42948400.0
2025-03-04,200.11,206.8,197.42999,203.8,60853100.0
2025-03-05,204.8,209.98,203.25999,208.36,38610100.0
2025-03-06,204.39999,205.77,198.3,200.7,49863800.0
2025-03-07,199.49001,202.27,192.53,199.25,59802800.0
2025-03-10,195.60001,196.73,190.85001,194.53999,62350900.0
2025-03-11,193.89999,200.17999,193.39999,196.59,54002900.0
2025-03-12,200.72,201.52,195.28999,198.89,43679300.0
2025-03-13,198.17,198.88,191.82001,193.89,41270800.0
2025-03-14,197.41,198.64999,195.32001,197.95,38096700.0
2025-03-17,198.77,199.0,194.32001,195.74001,47341800.0
2025-03-18,192.52,194.0,189.38,192.82001,40414900.0
2025-03-19,193.38,195.97,191.96001,195.53999,39442900.0
2025-03-20,193.070007,199.32001,192.3,194.95,38921100.0
2025-03-21,192.89999,196.99001,192.52,196.21001,60056900.0
2025-03-24,200.0,203.64,199.95,203.25999,41625400.0
2025-03-25,203.60001,206.21001,203.22,205.71001,31171200.0
2025-03-26,205.84,206.0099945,199.92999,201.13,32855300.0
2025-03-27,200.89,203.78999,199.28,201.36,27317700.0
2025-03-28,198.42,199.25999,191.88,192.72,52548200.0
2025-03-31,188.19,191.33,184.39999,190.25999,63547600.0
2025-04-01,187.86,193.92999,187.2,192.17,41267300.0
2025-04-02,187.66,198.34,187.66,196.0099945,53679200.0
2025-04-03,183.0,184.13,176.92,178.41,95553600.0
2025-04-04,167.14999,178.14,166.0,171.0,123159400.0
2025-04-07,162.0,183.41,161.38,175.25999,109327100.0
2025-04-08,185.23,185.89999,168.57001,170.66,87710400.0
2025-04-09,172.12,192.64999,169.92999,191.10001,116804300.0
2025-04-10,185.44,186.87,175.85001,181.22,68302000.0
2025-04-11,179.92999,185.86,178.0,184.87,50594300.0
2025-04-14,186.84,187.44,179.23,182.12,48002500.0
2025-04-15,181.41,182.35001,177.92999,179.59,43642000.0
2025-04-16,176.28999,179.10001,171.41,174.33,51875300.0
2025-04-17,176.0,176.21001,172.0,172.61,44468400.0
2025-04-21,169.60001,169.60001,165.28999,167.32001,48126100.0
2025-04-22,169.85001,176.78,169.35001,173.17999,56607200.0
2025-04-23,183.45,187.38,180.19,180.60001,63470100.0
2025-04-24,180.92,186.74001,180.17999,186.53999,43763200.0
2025-04-25,187.62,189.94,185.49001,188.99001,36414300.0
2025-04-28,190.11,190.22,184.89,187.7,33224700.0
2025-04-29,183.99001,188.020004,183.67999,187.39,41667300.0
2025-04-30,182.17,185.050003,178.85001,184.42,55176500.0
2025-05-01,190.63,191.81,187.5,190.2,74266000.0
2025-05-02,191.44,192.88,186.39999,189.98,77903500.0
2025-05-05,186.50999,188.17999,185.53,186.35001,35217500.0
2025-05-06,184.57001,187.92999,183.85001,185.0099945,29314100.0
2025-05-07,185.56,190.99001,185.0099945,188.71001,43948600.0
2025-05-08,191.42999,194.33,188.82001,192.080002,41043600.0
2025-05-09,193.38,194.69,191.16,193.059998,29663100.0
2025-05-12,210.71001,211.66,205.75,208.64,75205000.0
2025-05-13,211.080002,214.84,210.10001,211.37,56193700.0
2025-05-14,211.45,211.92999,208.85001,210.25,38492100.0
2025-05-15,206.45,206.88,202.67,205.17,64347300.0
2025-05-16,206.85001,206.85001,204.37,205.59,43318500.0
2025-05-19,201.64999,206.62,201.25999,206.16,34314800.0
2025-05-20,204.63,205.59,202.64999,204.070007,29470400.0
